Title,lat,lon,url
CAMARA-CGT CORUÑA_467,"43,274868","-8,364402",http://infocar.dgt.es/etraffic/data/camaras/467.jpg
CAMARA-CGT CORUÑA_468,"43,26472","-8,243055",http://infocar.dgt.es/etraffic/data/camaras/468.jpg
CAMARA-CGT CORUÑA_469,"43,263805","-8,228361",http://infocar.dgt.es/etraffic/data/camaras/469.jpg
CAMARA-CGT CORUÑA_470,"43,24147","-8,159583",http://infocar.dgt.es/etraffic/data/camaras/470.jpg
CAMARA-CGT CORUÑA_471,"43,476383","-8,174434",http://infocar.dgt.es/etraffic/data/camaras/471.jpg
CAMARA-CGT CORUÑA_472,"43,3426","-8,40901",http://infocar.dgt.es/etraffic/data/camaras/472.jpg
CAMARA-CGT CORUÑA_473,"43,33472","-8,402278",http://infocar.dgt.es/etraffic/data/camaras/473.jpg
CAMARA-CGT CORUÑA_474,"43,329327","-8,397374",http://infocar.dgt.es/etraffic/data/camaras/474.jpg
CAMARA-CGT CORUÑA_475,"43,33159","-8,385458",http://infocar.dgt.es/etraffic/data/camaras/475.jpg
CAMARA-CGT CORUÑA_476,"43,33282","-8,378698",http://infocar.dgt.es/etraffic/data/camaras/476.jpg
CAMARA-CGT CORUÑA_477,"43,303837","-8,382995",http://infocar.dgt.es/etraffic/data/camaras/477.jpg
CAMARA-CGT CORUÑA_478,"43,319725","-8,353333",http://infocar.dgt.es/etraffic/data/camaras/478.jpg
CAMARA-CGT CORUÑA_479,"43,32975","-8,2051115",http://infocar.dgt.es/etraffic/data/camaras/479.jpg
CAMARA-CGT CORUÑA_480,"43,412037","-8,168431",http://infocar.dgt.es/etraffic/data/camaras/480.jpg
CAMARA-CGT CORUÑA_482,"43,330204","-8,3904505",http://infocar.dgt.es/etraffic/data/camaras/482.jpg
CAMARA-CGT CORUÑA_484,"43,3944","-5,8018",http://infocar.dgt.es/etraffic/data/camaras/484.jpg
CAMARA-CGT CORUÑA_486,"43,4255","-5,8029",http://infocar.dgt.es/etraffic/data/camaras/486.jpg
CAMARA-CGT CORUÑA_487,"43,4411","-5,7964",http://infocar.dgt.es/etraffic/data/camaras/487.jpg
CAMARA-CGT CORUÑA_488,"43,4682","-5,7903",http://infocar.dgt.es/etraffic/data/camaras/488.jpg
CAMARA-CGT CORUÑA_491,"43,2717","-5,8072",http://infocar.dgt.es/etraffic/data/camaras/491.jpg
CAMARA-CGT CORUÑA_492,"43,3692","-5,8129",http://infocar.dgt.es/etraffic/data/camaras/492.jpg
CAMARA-CGT CORUÑA_494,"43,455","-5,7939",http://infocar.dgt.es/etraffic/data/camaras/494.jpg
CAMARA-CGT CORUÑA_495,"43,3485","-5,8414",http://infocar.dgt.es/etraffic/data/camaras/495.jpg
CAMARA-CGT CORUÑA_496,"43,5127","-5,7362",http://infocar.dgt.es/etraffic/data/camaras/496.jpg
CAMARA-CGT CORUÑA_497,"43,509","-5,8099",http://infocar.dgt.es/etraffic/data/camaras/497.jpg
CAMARA-CGT CORUÑA_498,"43,5352","-5,8354",http://infocar.dgt.es/etraffic/data/camaras/498.jpg
CAMARA-CGT CORUÑA_499,"43,5341","-5,8718",http://infocar.dgt.es/etraffic/data/camaras/499.jpg
CAMARA-CGT CORUÑA_500,"43,5021","-5,79",http://infocar.dgt.es/etraffic/data/camaras/500.jpg
CAMARA-CGT CORUÑA_501,"43,4096","-3,9827",http://infocar.dgt.es/etraffic/data/camaras/501.jpg
CAMARA-CGT CORUÑA_502,"43,4187","-3,9593",http://infocar.dgt.es/etraffic/data/camaras/502.jpg
CAMARA-CGT CORUÑA_503,"43,4322","-3,9186",http://infocar.dgt.es/etraffic/data/camaras/503.jpg
CAMARA-CGT CORUÑA_504,"43,423","-3,835",http://infocar.dgt.es/etraffic/data/camaras/504.jpg
CAMARA-CGT CORUÑA_505,"43,4188","-3,8399",http://infocar.dgt.es/etraffic/data/camaras/505.jpg
CAMARA-CGT CORUÑA_506,"43,4177","-3,8402",http://infocar.dgt.es/etraffic/data/camaras/506.jpg
CAMARA-CGT CORUÑA_507,"43,5461","-5,9131",http://infocar.dgt.es/etraffic/data/camaras/507.jpg
CAMARA-CGT CORUÑA_509,"43,5638","-5,9604",http://infocar.dgt.es/etraffic/data/camaras/509.jpg
CAMARA-CGT CORUÑA_510,"43,5513","-5,9414",http://infocar.dgt.es/etraffic/data/camaras/510.jpg
CAMARA-CGT CORUÑA_533,"43,17836","-7,743174",http://infocar.dgt.es/etraffic/data/camaras/533.jpg
CAMARA-CGT CORUÑA_545,"43,12909","-7,623607",http://infocar.dgt.es/etraffic/data/camaras/545.jpg
CAMARA-CGT CORUÑA_546,"43,05819","-7,5600495",http://infocar.dgt.es/etraffic/data/camaras/546.jpg
CAMARA-CGT CORUÑA_549,"43,04019","-7,5226417",http://infocar.dgt.es/etraffic/data/camaras/549.jpg
CAMARA-CGT CORUÑA_554,"43,013317","-7,518233",http://infocar.dgt.es/etraffic/data/camaras/554.jpg
CAMARA-CGT CORUÑA_555,"42,96843","-7,4945316",http://infocar.dgt.es/etraffic/data/camaras/555.jpg
CAMARA-CGT CORUÑA_557,"42,340843","-7,9946465",http://infocar.dgt.es/etraffic/data/camaras/557.jpg
CAMARA-CGT CORUÑA_558,"42,306915","-7,876333",http://infocar.dgt.es/etraffic/data/camaras/558.jpg
CAMARA-CGT CORUÑA_559,"41,91223","-7,4429893",http://infocar.dgt.es/etraffic/data/camaras/559.jpg
CAMARA-CGT CORUÑA_560,"42,352734","-7,9102483",http://infocar.dgt.es/etraffic/data/camaras/560.jpg
CAMARA-CGT CORUÑA_561,"42,36092","-7,849375",http://infocar.dgt.es/etraffic/data/camaras/561.jpg
CAMARA-CGT CORUÑA_562,"42,362583","-7,861289",http://infocar.dgt.es/etraffic/data/camaras/562.jpg
CAMARA-CGT CORUÑA_563,"42,207466","-8,69627",http://infocar.dgt.es/etraffic/data/camaras/563.jpg
CAMARA-CGT CORUÑA_564,"42,21095","-8,66105",http://infocar.dgt.es/etraffic/data/camaras/564.jpg
CAMARA-CGT CORUÑA_565,"42,18601","-8,636397",http://infocar.dgt.es/etraffic/data/camaras/565.jpg
CAMARA-CGT CORUÑA_566,"42,170853","-8,622576",http://infocar.dgt.es/etraffic/data/camaras/566.jpg
CAMARA-CGT CORUÑA_567,"42,04033","-8,660165",http://infocar.dgt.es/etraffic/data/camaras/567.jpg
CAMARA-CGT CORUÑA_568,"42,276466","-8,666123",http://infocar.dgt.es/etraffic/data/camaras/568.jpg
CAMARA-CGT CORUÑA_569,"42,198837","-8,656662",http://infocar.dgt.es/etraffic/data/camaras/569.jpg
CAMARA-CGT CORUÑA_570,"42,4134","-8,654183",http://infocar.dgt.es/etraffic/data/camaras/570.jpg
CAMARA-CGT CORUÑA_571,"42,417854","-8,668151",http://infocar.dgt.es/etraffic/data/camaras/571.jpg
CAMARA-CGT CORUÑA_572,"42,416515","-8,637948",http://infocar.dgt.es/etraffic/data/camaras/572.jpg
CAMARA-CGT CORUÑA_573,"42,451366","-8,638018",http://infocar.dgt.es/etraffic/data/camaras/573.jpg
CAMARA-CGT CORUÑA_574,"42,20563","-8,267132",http://infocar.dgt.es/etraffic/data/camaras/574.jpg
CAMARA-CGT CORUÑA_575,"43,5536","-5,8892",http://infocar.dgt.es/etraffic/data/camaras/575.jpg
CAMARA-CGT CORUÑA_576,"43,5493","-5,8691",http://infocar.dgt.es/etraffic/data/camaras/576.jpg
CAMARA-CGT CORUÑA_578,"43,1943","-7,954383",http://infocar.dgt.es/etraffic/data/camaras/578.jpg
CAMARA-CGT CORUÑA_585,"42,848663","-8,573637",http://infocar.dgt.es/etraffic/data/camaras/585.jpg
CAMARA-CGT CORUÑA_586,"42,85645","-8,570741",http://infocar.dgt.es/etraffic/data/camaras/586.jpg
CAMARA-CGT CORUÑA_587,"42,86371","-8,568177",http://infocar.dgt.es/etraffic/data/camaras/587.jpg
CAMARA-CGT CORUÑA_588,"42,898396","-8,509469",http://infocar.dgt.es/etraffic/data/camaras/588.jpg
CAMARA-CGT CORUÑA_589,"42,90834","-8,5102005",http://infocar.dgt.es/etraffic/data/camaras/589.jpg
CAMARA-CGT CORUÑA_590,"42,85555","-8,532",http://infocar.dgt.es/etraffic/data/camaras/590.jpg
CAMARA-CGT CORUÑA_591,"42,88883","-8,50449",http://infocar.dgt.es/etraffic/data/camaras/591.jpg
CAMARA-CGT CORUÑA_592,"42,909332","-8,432366",http://infocar.dgt.es/etraffic/data/camaras/592.jpg
CAMARA-CGT CORUÑA_593,"42,914116","-8,414882",http://infocar.dgt.es/etraffic/data/camaras/593.jpg
CAMARA-CGT CORUÑA_594,"42,899","-8,52665",http://infocar.dgt.es/etraffic/data/camaras/594.jpg
CAMARA-CGT CORUÑA_595,"42,7323","-8,6588335",http://infocar.dgt.es/etraffic/data/camaras/595.jpg
CAMARA-CGT CORUÑA_1030,"42,90289","-7,2418733",http://infocar.dgt.es/etraffic/data/camaras/1030.jpg
CAMARA-CGT CORUÑA_1031,"42,913082","-7,229133",http://infocar.dgt.es/etraffic/data/camaras/1031.jpg
CAMARA-CGT CORUÑA_1032,"42,8788","-7,17605",http://infocar.dgt.es/etraffic/data/camaras/1032.jpg
CAMARA-CGT CORUÑA_1033,"42,864532","-7,16225",http://infocar.dgt.es/etraffic/data/camaras/1033.jpg
CAMARA-CGT CORUÑA_1034,"42,861485","-7,1395082",http://infocar.dgt.es/etraffic/data/camaras/1034.jpg
CAMARA-CGT CORUÑA_1035,"42,84675","-7,1209483",http://infocar.dgt.es/etraffic/data/camaras/1035.jpg
CAMARA-CGT CORUÑA_1036,"42,79408","-7,108504",http://infocar.dgt.es/etraffic/data/camaras/1036.jpg
CAMARA-CGT CORUÑA_1037,"42,764633","-7,0847836",http://infocar.dgt.es/etraffic/data/camaras/1037.jpg
CAMARA-CGT CORUÑA_1038,"42,74528","-7,0543537",http://infocar.dgt.es/etraffic/data/camaras/1038.jpg
CAMARA-CGT CORUÑA_1039,"42,72795","-7,0378",http://infocar.dgt.es/etraffic/data/camaras/1039.jpg
CAMARA-CGT CORUÑA_1040,"42,722137","-7,0144687",http://infocar.dgt.es/etraffic/data/camaras/1040.jpg
CAMARA-CGT CORUÑA_1041,"42,6892","-6,9884667",http://infocar.dgt.es/etraffic/data/camaras/1041.jpg
CAMARA-CGT CORUÑA_1042,"42,67127","-6,957267",http://infocar.dgt.es/etraffic/data/camaras/1042.jpg
CAMARA-CGT CORUÑA_1043,"42,66436","-6,931002",http://infocar.dgt.es/etraffic/data/camaras/1043.jpg
CAMARA-CGT CORUÑA_1044,"42,655903","-6,906306",http://infocar.dgt.es/etraffic/data/camaras/1044.jpg
CAMARA-CGT CORUÑA_1045,"42,655144","-6,8935804",http://infocar.dgt.es/etraffic/data/camaras/1045.jpg
CAMARA-CGT CORUÑA_1046,"42,63715","-6,85405",http://infocar.dgt.es/etraffic/data/camaras/1046.jpg
CAMARA-CGT CORUÑA_1048,"43,5267","-5,9212",http://infocar.dgt.es/etraffic/data/camaras/1048.jpg
CAMARA-CGT CORUÑA_1105,"42,614235","-6,8231835",http://infocar.dgt.es/etraffic/data/camaras/1105.jpg
CAMARA-CGT CORUÑA_1106,"42,598534","-6,80695",http://infocar.dgt.es/etraffic/data/camaras/1106.jpg
CAMARA-CGT CORUÑA_1107,"42,72587","-7,0189333",http://infocar.dgt.es/etraffic/data/camaras/1107.jpg
CAMARA-CGT CORUÑA_1141,"43,4086","-5,7986",http://infocar.dgt.es/etraffic/data/camaras/1141.jpg
CAMARA-CGT CORUÑA_1142,"43,4814","-5,7888",http://infocar.dgt.es/etraffic/data/camaras/1142.jpg
CAMARA-CGT CORUÑA_1143,"43,4999","-5,7835",http://infocar.dgt.es/etraffic/data/camaras/1143.jpg
CAMARA-CGT CORUÑA_1144,"43,3482","-5,856",http://infocar.dgt.es/etraffic/data/camaras/1144.jpg
CAMARA-CGT CORUÑA_1145,"43,3561","-5,8286",http://infocar.dgt.es/etraffic/data/camaras/1145.jpg
CAMARA-CGT CORUÑA_1146,"43,3006","-5,8489",http://infocar.dgt.es/etraffic/data/camaras/1146.jpg
CAMARA-CGT CORUÑA_1147,"43,3012","-5,8375",http://infocar.dgt.es/etraffic/data/camaras/1147.jpg
CAMARA-CGT CORUÑA_1148,"43,2614","-5,7841",http://infocar.dgt.es/etraffic/data/camaras/1148.jpg
CAMARA-CGT CORUÑA_1149,"43,2013","-5,788",http://infocar.dgt.es/etraffic/data/camaras/1149.jpg
CAMARA-CGT CORUÑA_1150,"43,1654","-5,8266",http://infocar.dgt.es/etraffic/data/camaras/1150.jpg
CAMARA-CGT CORUÑA_1151,"43,1136","-5,8191",http://infocar.dgt.es/etraffic/data/camaras/1151.jpg
CAMARA-CGT CORUÑA_1166,"42,18144","-8,328893",http://infocar.dgt.es/etraffic/data/camaras/1166.jpg
CAMARA-CGT CORUÑA_1167,"42,17309","-8,37383",http://infocar.dgt.es/etraffic/data/camaras/1167.jpg
CAMARA-CGT CORUÑA_1168,"42,155933","-8,496426",http://infocar.dgt.es/etraffic/data/camaras/1168.jpg
CAMARA-CGT CORUÑA_1169,"42,160686","-8,600399",http://infocar.dgt.es/etraffic/data/camaras/1169.jpg
CAMARA-CGT CORUÑA_1170,"42,050697","-8,655645",http://infocar.dgt.es/etraffic/data/camaras/1170.jpg
CAMARA-CGT CORUÑA_1171,"42,085316","-8,626553",http://infocar.dgt.es/etraffic/data/camaras/1171.jpg
CAMARA-CGT CORUÑA_1172,"42,134132","-8,623184",http://infocar.dgt.es/etraffic/data/camaras/1172.jpg
CAMARA-CGT CORUÑA_1173,"42,151867","-8,626071",http://infocar.dgt.es/etraffic/data/camaras/1173.jpg
CAMARA-CGT CORUÑA_1174,"42,181164","-8,627767",http://infocar.dgt.es/etraffic/data/camaras/1174.jpg
CAMARA-CGT CORUÑA_1175,"42,19429","-8,64921",http://infocar.dgt.es/etraffic/data/camaras/1175.jpg
CAMARA-CGT CORUÑA_1176,"42,21186","-8,671093",http://infocar.dgt.es/etraffic/data/camaras/1176.jpg
CAMARA-CGT CORUÑA_1177,"42,217625","-8,685776",http://infocar.dgt.es/etraffic/data/camaras/1177.jpg
CAMARA-CGT CORUÑA_1178,"42,210938","-8,691441",http://infocar.dgt.es/etraffic/data/camaras/1178.jpg
CAMARA-CGT CORUÑA_1179,"42,036526","-6,987386",http://infocar.dgt.es/etraffic/data/camaras/1179.jpg
CAMARA-CGT CORUÑA_1180,"42,058693","-7,1179028",http://infocar.dgt.es/etraffic/data/camaras/1180.jpg
CAMARA-CGT CORUÑA_1181,"41,98137","-7,2860284",http://infocar.dgt.es/etraffic/data/camaras/1181.jpg
CAMARA-CGT CORUÑA_1182,"41,97342","-7,5304384",http://infocar.dgt.es/etraffic/data/camaras/1182.jpg
CAMARA-CGT CORUÑA_1183,"42,088245","-7,720874",http://infocar.dgt.es/etraffic/data/camaras/1183.jpg
CAMARA-CGT CORUÑA_1184,"42,200287","-7,7840524",http://infocar.dgt.es/etraffic/data/camaras/1184.jpg
CAMARA-CGT CORUÑA_1185,"42,347466","-7,8894925",http://infocar.dgt.es/etraffic/data/camaras/1185.jpg
CAMARA-CGT CORUÑA_1186,"42,34357","-7,9259586",http://infocar.dgt.es/etraffic/data/camaras/1186.jpg
CAMARA-CGT CORUÑA_1187,"42,306026","-8,120991",http://infocar.dgt.es/etraffic/data/camaras/1187.jpg
CAMARA-CGT CORUÑA_1188,"42,272446","-8,203136",http://infocar.dgt.es/etraffic/data/camaras/1188.jpg
CAMARA-CGT CORUÑA_1189,"42,344894","-7,8749022",http://infocar.dgt.es/etraffic/data/camaras/1189.jpg
CAMARA-CGT CORUÑA_1191,"43,301098","-7,7015257",http://infocar.dgt.es/etraffic/data/camaras/1191.jpg
CAMARA-CGT CORUÑA_1192,"43,2617","-7,7181",http://infocar.dgt.es/etraffic/data/camaras/1192.jpg
CAMARA-CGT CORUÑA_1193,"43,18553","-7,742417",http://infocar.dgt.es/etraffic/data/camaras/1193.jpg
CAMARA-CGT CORUÑA_1194,"43,334415","-8,378212",http://infocar.dgt.es/etraffic/data/camaras/1194.jpg
CAMARA-CGT CORUÑA_1195,"43,330303","-8,372384",http://infocar.dgt.es/etraffic/data/camaras/1195.jpg
CAMARA-CGT CORUÑA_1196,"43,328045","-8,381966",http://infocar.dgt.es/etraffic/data/camaras/1196.jpg
CAMARA-CGT CORUÑA_1197,"43,25965","-8,211261",http://infocar.dgt.es/etraffic/data/camaras/1197.jpg
CAMARA-CGT CORUÑA_1198,"43,259995","-8,200915",http://infocar.dgt.es/etraffic/data/camaras/1198.jpg
CAMARA-CGT CORUÑA_1199,"43,256622","-8,181",http://infocar.dgt.es/etraffic/data/camaras/1199.jpg
CAMARA-CGT CORUÑA_1200,"43,325077","-8,363157",http://infocar.dgt.es/etraffic/data/camaras/1200.jpg
CAMARA-CGT CORUÑA_1201,"43,340157","-8,389154",http://infocar.dgt.es/etraffic/data/camaras/1201.jpg
CAMARA-CGT CORUÑA_1202,"43,347794","-8,390423",http://infocar.dgt.es/etraffic/data/camaras/1202.jpg
CAMARA-CGT CORUÑA_1204,"43,306396","-8,475019",http://infocar.dgt.es/etraffic/data/camaras/1204.jpg
CAMARA-CGT CORUÑA_1251,"43,5328","-5,6823",http://infocar.dgt.es/etraffic/data/camaras/1251.jpg
CAMARA-CGT CORUÑA_1260,"43,317757","-8,391832",http://infocar.dgt.es/etraffic/data/camaras/1260.jpg
CAMARA-CGT CORUÑA_1261,"43,18444","-7,8250346",http://infocar.dgt.es/etraffic/data/camaras/1261.jpg
CAMARA-CGT CORUÑA_1262,"42,989388","-8,43006",http://infocar.dgt.es/etraffic/data/camaras/1262.jpg
CAMARA-CGT CORUÑA_1263,"42,91223","-8,477667",http://infocar.dgt.es/etraffic/data/camaras/1263.jpg
CAMARA-CGT CORUÑA_1264,"42,86862","-8,520672",http://infocar.dgt.es/etraffic/data/camaras/1264.jpg
CAMARA-CGT CORUÑA_1265,"42,856407","-8,565667",http://infocar.dgt.es/etraffic/data/camaras/1265.jpg
CAMARA-CGT CORUÑA_1266,"42,733753","-8,637261",http://infocar.dgt.es/etraffic/data/camaras/1266.jpg
CAMARA-CGT CORUÑA_1267,"42,958027","-8,4568",http://infocar.dgt.es/etraffic/data/camaras/1267.jpg
CAMARA-CGT CORUÑA_1268,"42,81146","-8,584118",http://infocar.dgt.es/etraffic/data/camaras/1268.jpg
CAMARA-CGT CORUÑA_1269,"42,598248","-8,67426",http://infocar.dgt.es/etraffic/data/camaras/1269.jpg
CAMARA-CGT CORUÑA_1270,"42,5183","-8,664517",http://infocar.dgt.es/etraffic/data/camaras/1270.jpg
CAMARA-CGT CORUÑA_1271,"42,43837","-8,649451",http://infocar.dgt.es/etraffic/data/camaras/1271.jpg
CAMARA-CGT CORUÑA_1272,"42,43131","-8,65594",http://infocar.dgt.es/etraffic/data/camaras/1272.jpg
CAMARA-CGT CORUÑA_1273,"42,06691","-8,639297",http://infocar.dgt.es/etraffic/data/camaras/1273.jpg
CAMARA-CGT CORUÑA_1274,"42,458385","-8,647277",http://infocar.dgt.es/etraffic/data/camaras/1274.jpg
CAMARA-CGT CORUÑA_1275,"42,380817","-8,637088",http://infocar.dgt.es/etraffic/data/camaras/1275.jpg
CAMARA-CGT CORUÑA_1276,"42,357304","-8,640927",http://infocar.dgt.es/etraffic/data/camaras/1276.jpg
CAMARA-CGT CORUÑA_1277,"42,29257","-8,660008",http://infocar.dgt.es/etraffic/data/camaras/1277.jpg
CAMARA-CGT CORUÑA_1278,"42,2574","-8,674988",http://infocar.dgt.es/etraffic/data/camaras/1278.jpg
CAMARA-CGT CORUÑA_1279,"42,22369","-8,644387",http://infocar.dgt.es/etraffic/data/camaras/1279.jpg
CAMARA-CGT CORUÑA_1280,"42,203747","-8,668905",http://infocar.dgt.es/etraffic/data/camaras/1280.jpg
CAMARA-CGT CORUÑA_1281,"42,19636","-8,665409",http://infocar.dgt.es/etraffic/data/camaras/1281.jpg
CAMARA-CGT CORUÑA_1282,"42,190464","-8,660357",http://infocar.dgt.es/etraffic/data/camaras/1282.jpg
CAMARA-CGT CORUÑA_1283,"42,153908","-8,643923",http://infocar.dgt.es/etraffic/data/camaras/1283.jpg
CAMARA-CGT CORUÑA_1284,"42,146027","-8,639543",http://infocar.dgt.es/etraffic/data/camaras/1284.jpg
CAMARA-CGT CORUÑA_1285,"42,25802","-8,676416",http://infocar.dgt.es/etraffic/data/camaras/1285.jpg
CAMARA-CGT CORUÑA_1286,"42,24901","-8,693554",http://infocar.dgt.es/etraffic/data/camaras/1286.jpg
CAMARA-CGT CORUÑA_1287,"42,238186","-8,707896",http://infocar.dgt.es/etraffic/data/camaras/1287.jpg
CAMARA-CGT CORUÑA_1288,"43,313225","-8,379786",http://infocar.dgt.es/etraffic/data/camaras/1288.jpg
CAMARA-CGT CORUÑA_1289,"43,31196","-8,352616",http://infocar.dgt.es/etraffic/data/camaras/1289.jpg
CAMARA-CGT CORUÑA_1290,"43,292576","-8,297084",http://infocar.dgt.es/etraffic/data/camaras/1290.jpg
CAMARA-CGT CORUÑA_1291,"43,289112","-8,283778",http://infocar.dgt.es/etraffic/data/camaras/1291.jpg
CAMARA-CGT CORUÑA_1292,"43,27594","-8,260311",http://infocar.dgt.es/etraffic/data/camaras/1292.jpg
CAMARA-CGT CORUÑA_1293,"43,111145","-8,337281",http://infocar.dgt.es/etraffic/data/camaras/1293.jpg
CAMARA-CGT CORUÑA_1294,"43,081917","-8,357056",http://infocar.dgt.es/etraffic/data/camaras/1294.jpg
CAMARA-CGT CORUÑA_1295,"43,293648","-8,267642",http://infocar.dgt.es/etraffic/data/camaras/1295.jpg
CAMARA-CGT CORUÑA_1296,"43,403484","-8,161041",http://infocar.dgt.es/etraffic/data/camaras/1296.jpg
CAMARA-CGT CORUÑA_1297,"43,438198","-8,164363",http://infocar.dgt.es/etraffic/data/camaras/1297.jpg
CAMARA-CGT CORUÑA_1298,"43,457638","-8,165269",http://infocar.dgt.es/etraffic/data/camaras/1298.jpg
CAMARA-CGT CORUÑA_1299,"43,479824","-8,158664",http://infocar.dgt.es/etraffic/data/camaras/1299.jpg
CAMARA-CGT CORUÑA_1300,"43,495285","-8,159041",http://infocar.dgt.es/etraffic/data/camaras/1300.jpg
CAMARA-CGT CORUÑA_1301,"43,50481","-8,192319",http://infocar.dgt.es/etraffic/data/camaras/1301.jpg
CAMARA-CGT CORUÑA_1302,"43,498856","-8,212866",http://infocar.dgt.es/etraffic/data/camaras/1302.jpg
CAMARA-CGT CORUÑA_1304,"43,28362","-8,275472",http://infocar.dgt.es/etraffic/data/camaras/1304.jpg
CAMARA-CGT CORUÑA_1305,"43,200996","-8,29708",http://infocar.dgt.es/etraffic/data/camaras/1305.jpg
CAMARA-CGT CORUÑA_1306,"43,18421","-8,311437",http://infocar.dgt.es/etraffic/data/camaras/1306.jpg
CAMARA-CGT CORUÑA_1307,"43,355057","-8,2028055",http://infocar.dgt.es/etraffic/data/camaras/1307.jpg
CAMARA-CGT CORUÑA_1348,"43,342888","-8,399901",http://infocar.dgt.es/etraffic/data/camaras/1348.jpg
CAMARA-CGT CORUÑA_1459,"43,27476","-8,402408",http://infocar.dgt.es/etraffic/data/camaras/1459.jpg
CAMARA-CGT CORUÑA_1460,"42,906322","-7,299622",http://infocar.dgt.es/etraffic/data/camaras/1460.jpg
CAMARA-CGT CORUÑA_1461,"42,037132","-7,02605",http://infocar.dgt.es/etraffic/data/camaras/1461.jpg
CAMARA-CGT CORUÑA_1462,"41,949707","-7,345367",http://infocar.dgt.es/etraffic/data/camaras/1462.jpg
CAMARA-CGT CORUÑA_1463,"42,24947","-7,864247",http://infocar.dgt.es/etraffic/data/camaras/1463.jpg
CAMARA-CGT CORUÑA_1478,"42,83795","-8,527507",http://infocar.dgt.es/etraffic/data/camaras/1478.jpg
CAMARA-CGT CORUÑA_1515,"43,2708","-4,0748",http://infocar.dgt.es/etraffic/data/camaras/1515.jpg
CAMARA-CGT CORUÑA_1516,"43,3247","-4,0552",http://infocar.dgt.es/etraffic/data/camaras/1516.jpg
CAMARA-CGT CORUÑA_1517,"43,3598","-3,1857",http://infocar.dgt.es/etraffic/data/camaras/1517.jpg
CAMARA-CGT CORUÑA_1518,"43,3688","-3,2211",http://infocar.dgt.es/etraffic/data/camaras/1518.jpg
CAMARA-CGT CORUÑA_1519,"43,3892","-3,3602",http://infocar.dgt.es/etraffic/data/camaras/1519.jpg
CAMARA-CGT CORUÑA_1520,"43,4048","-3,4152",http://infocar.dgt.es/etraffic/data/camaras/1520.jpg
CAMARA-CGT CORUÑA_1521,"43,3886","-3,7423",http://infocar.dgt.es/etraffic/data/camaras/1521.jpg
CAMARA-CGT CORUÑA_1522,"43,4093","-3,4989",http://infocar.dgt.es/etraffic/data/camaras/1522.jpg
CAMARA-CGT CORUÑA_1523,"43,4138","-3,543",http://infocar.dgt.es/etraffic/data/camaras/1523.jpg
CAMARA-CGT CORUÑA_1524,"43,4073","-3,6162",http://infocar.dgt.es/etraffic/data/camaras/1524.jpg
CAMARA-CGT CORUÑA_1525,"43,3892","-3,449",http://infocar.dgt.es/etraffic/data/camaras/1525.jpg
CAMARA-CGT CORUÑA_1526,"43,3473","-4,0284",http://infocar.dgt.es/etraffic/data/camaras/1526.jpg
CAMARA-CGT CORUÑA_1527,"43,3558","-4,066",http://infocar.dgt.es/etraffic/data/camaras/1527.jpg
CAMARA-CGT CORUÑA_1528,"43,3258","-4,1966",http://infocar.dgt.es/etraffic/data/camaras/1528.jpg
CAMARA-CGT CORUÑA_1529,"43,328","-4,3028",http://infocar.dgt.es/etraffic/data/camaras/1529.jpg
CAMARA-CGT CORUÑA_1530,"43,3413","-4,3526",http://infocar.dgt.es/etraffic/data/camaras/1530.jpg
CAMARA-CGT CORUÑA_1531,"43,3608","-4,3953",http://infocar.dgt.es/etraffic/data/camaras/1531.jpg
CAMARA-CGT CORUÑA_1532,"43,3689","-4,443",http://infocar.dgt.es/etraffic/data/camaras/1532.jpg
CAMARA-CGT CORUÑA_1533,"43,516","-5,6563",http://infocar.dgt.es/etraffic/data/camaras/1533.jpg
CAMARA-CGT CORUÑA_1534,"43,5191","-5,6979",http://infocar.dgt.es/etraffic/data/camaras/1534.jpg
CAMARA-CGT CORUÑA_1535,"43,503","-5,7617",http://infocar.dgt.es/etraffic/data/camaras/1535.jpg
CAMARA-CGT CORUÑA_1536,"43,5306","-5,9496",http://infocar.dgt.es/etraffic/data/camaras/1536.jpg
CAMARA-CGT CORUÑA_1537,"43,5473","-5,9717",http://infocar.dgt.es/etraffic/data/camaras/1537.jpg
CAMARA-CGT CORUÑA_1538,"43,548","-5,9996",http://infocar.dgt.es/etraffic/data/camaras/1538.jpg
CAMARA-CGT CORUÑA_1539,"43,542","-6,0406",http://infocar.dgt.es/etraffic/data/camaras/1539.jpg
CAMARA-CGT CORUÑA_1545,"42,01011","-7,57764",http://infocar.dgt.es/etraffic/data/camaras/1545.jpg
CAMARA-CGT CORUÑA_1583,"43,213425","-8,050658",http://infocar.dgt.es/etraffic/data/camaras/1583.jpg
VID-CGT CORUÑA_160006,"43,3841","-7,3702",http://infocar.dgt.es/etraffic/data/camaras/160006.jpg
VID-CGT CORUÑA_160044,"43,3791","-7,4294",http://infocar.dgt.es/etraffic/data/camaras/160044.jpg
VID-CGT CORUÑA_160049,"43,3765","-7,3875",http://infocar.dgt.es/etraffic/data/camaras/160049.jpg
VID-CGT CORUÑA_160050,"43,3883","-7,3419",http://infocar.dgt.es/etraffic/data/camaras/160050.jpg
VID-CGT CORUÑA_160051,"43,421","-7,3411",http://infocar.dgt.es/etraffic/data/camaras/160051.jpg
VID-CGT CORUÑA_160052,"43,3841","-7,3692",http://infocar.dgt.es/etraffic/data/camaras/160052.jpg
VID-CGT CORUÑA_160139,"43,349","-8,420167",http://infocar.dgt.es/etraffic/data/camaras/160139.jpg
VID-CGT CORUÑA_160140,"43,34497","-8,43275",http://infocar.dgt.es/etraffic/data/camaras/160140.jpg
VID-CGT CORUÑA_160141,"43,34487","-8,432325",http://infocar.dgt.es/etraffic/data/camaras/160141.jpg
VID-CGT CORUÑA_160142,"43,342693","-8,44425",http://infocar.dgt.es/etraffic/data/camaras/160142.jpg
VID-CGT CORUÑA_160143,"43,28936","-8,503667",http://infocar.dgt.es/etraffic/data/camaras/160143.jpg
VID-CGT CORUÑA_160144,"43,267582","-8,53825",http://infocar.dgt.es/etraffic/data/camaras/160144.jpg
VID-CGT CORUÑA_160145,"43,255","-8,612083",http://infocar.dgt.es/etraffic/data/camaras/160145.jpg
VID-CGT CORUÑA_160146,"43,246944","-8,678472",http://infocar.dgt.es/etraffic/data/camaras/160146.jpg
VID-CGT CORUÑA_160147,"43,222332","-8,705583",http://infocar.dgt.es/etraffic/data/camaras/160147.jpg
VID-CGT CORUÑA_160148,"43,318325","-7,6928544",http://infocar.dgt.es/etraffic/data/camaras/160148.jpg
VID-CGT CORUÑA_160149,"43,522217","-8,219381",http://infocar.dgt.es/etraffic/data/camaras/160149.jpg
VID-CGT CORUÑA_160150,"43,53584","-8,19608",http://infocar.dgt.es/etraffic/data/camaras/160150.jpg
VID-CGT CORUÑA_160151,"43,52545","-8,087922",http://infocar.dgt.es/etraffic/data/camaras/160151.jpg
VID-CGT CORUÑA_160152,"43,511093","-8,049208",http://infocar.dgt.es/etraffic/data/camaras/160152.jpg
VID-CGT CORUÑA_160153,"43,4989","-8,035256",http://infocar.dgt.es/etraffic/data/camaras/160153.jpg
VID-CGT CORUÑA_160154,"43,477478","-7,942711",http://infocar.dgt.es/etraffic/data/camaras/160154.jpg
VID-CGT CORUÑA_160155,"43,450546","-7,903514",http://infocar.dgt.es/etraffic/data/camaras/160155.jpg
VID-CGT CORUÑA_160156,"43,41716","-7,851556",http://infocar.dgt.es/etraffic/data/camaras/160156.jpg
VID-CGT CORUÑA_160157,"43,40058","-7,783322",http://infocar.dgt.es/etraffic/data/camaras/160157.jpg
VID-CGT CORUÑA_162584,"43,344845","-8,415973",http://infocar.dgt.es/etraffic/data/camaras/162584.jpg
VID-CGT CORUÑA_162585,"43,33841","-8,423014",http://infocar.dgt.es/etraffic/data/camaras/162585.jpg
VID-CGT CORUÑA_162586,"43,33013","-8,42409",http://infocar.dgt.es/etraffic/data/camaras/162586.jpg
VID-CGT CORUÑA_162587,"43,324463","-8,411125",http://infocar.dgt.es/etraffic/data/camaras/162587.jpg
VID-CGT CORUÑA_163276,"43,5225","-5,6381",http://infocar.dgt.es/etraffic/data/camaras/163276.jpg
VID-CGT CORUÑA_163277,"43,4878","-5,4472",http://infocar.dgt.es/etraffic/data/camaras/163277.jpg
VID-CGT CORUÑA_163278,"43,4996","-5,4136",http://infocar.dgt.es/etraffic/data/camaras/163278.jpg
VID-CGT CORUÑA_163280,"43,4645","-5,4883",http://infocar.dgt.es/etraffic/data/camaras/163280.jpg
VID-CGT CORUÑA_164075,"43,307865","-8,403962",http://infocar.dgt.es/etraffic/data/camaras/164075.jpg
VID-CGT CORUÑA_164076,"43,335747","-8,418059",http://infocar.dgt.es/etraffic/data/camaras/164076.jpg
VID-CGT CORUÑA_164077,"43,29313","-8,401473",http://infocar.dgt.es/etraffic/data/camaras/164077.jpg
VID-CGT CORUÑA_164078,"43,280167","-8,393748",http://infocar.dgt.es/etraffic/data/camaras/164078.jpg
VID-CGT CORUÑA_164079,"43,34098","-8,428048",http://infocar.dgt.es/etraffic/data/camaras/164079.jpg
VID-CGT CORUÑA_164080,"43,323223","-8,408151",http://infocar.dgt.es/etraffic/data/camaras/164080.jpg
VID-CGT CORUÑA_164120,"43,45725","-7,321586",http://infocar.dgt.es/etraffic/data/camaras/164120.jpg
VID-CGT CORUÑA_164121,"43,38167","-7,352524",http://infocar.dgt.es/etraffic/data/camaras/164121.jpg
VID-CGT CORUÑA_164122,"43,378223","-7,405668",http://infocar.dgt.es/etraffic/data/camaras/164122.jpg
VID-CGT CORUÑA_164123,"43,37581","-7,438568",http://infocar.dgt.es/etraffic/data/camaras/164123.jpg
VID-CGT CORUÑA_164124,"43,362785","-7,452137",http://infocar.dgt.es/etraffic/data/camaras/164124.jpg
VID-CGT CORUÑA_164125,"43,35921","-7,482319",http://infocar.dgt.es/etraffic/data/camaras/164125.jpg
VID-CGT CORUÑA_164126,"43,340534","-7,544594",http://infocar.dgt.es/etraffic/data/camaras/164126.jpg
VID-CGT CORUÑA_164127,"43,32572","-7,621719",http://infocar.dgt.es/etraffic/data/camaras/164127.jpg
VID-CGT CORUÑA_164128,"43,44588","-7,348686",http://infocar.dgt.es/etraffic/data/camaras/164128.jpg
VID-CGT CORUÑA_164129,"43,40017","-7,385456",http://infocar.dgt.es/etraffic/data/camaras/164129.jpg
VID-CGT CORUÑA_164130,"43,393658","-7,406198",http://infocar.dgt.es/etraffic/data/camaras/164130.jpg
VID-CGT CORUÑA_164131,"43,382034","-7,426075",http://infocar.dgt.es/etraffic/data/camaras/164131.jpg
VID-CGT CORUÑA_164161,"43,333572","-8,45345",http://infocar.dgt.es/etraffic/data/camaras/164161.jpg
VID-CGT CORUÑA_164162,"43,323517","-8,340061",http://infocar.dgt.es/etraffic/data/camaras/164162.jpg
VID-CGT CORUÑA_164189,"43,54286","-7,02717",http://infocar.dgt.es/etraffic/data/camaras/164189.jpg
VID-CGT CORUÑA_164190,"43,5425","-7,044722",http://infocar.dgt.es/etraffic/data/camaras/164190.jpg
VID-CGT CORUÑA_164191,"43,54333","-7,075278",http://infocar.dgt.es/etraffic/data/camaras/164191.jpg
VID-CGT CORUÑA_164192,"43,5377","-7,149922",http://infocar.dgt.es/etraffic/data/camaras/164192.jpg
VID-CGT CORUÑA_164193,"43,54703","-7,152178",http://infocar.dgt.es/etraffic/data/camaras/164193.jpg
VID-CGT CORUÑA_164194,"43,53528","-7,243333",http://infocar.dgt.es/etraffic/data/camaras/164194.jpg
VID-CGT CORUÑA_164195,"43,470753","-7,313075",http://infocar.dgt.es/etraffic/data/camaras/164195.jpg
VID-CGT CORUÑA_164297,"43,461533","-7,317592",http://infocar.dgt.es/etraffic/data/camaras/164297.jpg
VID-CGT CORUÑA_164298,"43,378426","-7,429311",http://infocar.dgt.es/etraffic/data/camaras/164298.jpg
VID-CGT CORUÑA_164299,"43,457752","-7,321532",http://infocar.dgt.es/etraffic/data/camaras/164299.jpg
VID-CGT CORUÑA_164300,"43,377808","-7,425264",http://infocar.dgt.es/etraffic/data/camaras/164300.jpg
VID-CGT CORUÑA_164301,"43,402794","-7,3375",http://infocar.dgt.es/etraffic/data/camaras/164301.jpg
VID-CGT CORUÑA_164741,"42,975163","-8,443369",http://infocar.dgt.es/etraffic/data/camaras/164741.jpg
VID-CGT CORUÑA_165252,"43,37806","-7,405564",http://infocar.dgt.es/etraffic/data/camaras/165252.jpg
VID-CGT CORUÑA_165651,"42,879295","-8,516514",http://infocar.dgt.es/etraffic/data/camaras/165651.jpg
VID-CGT CORUÑA_165657,"42,297108","-8,656954",http://infocar.dgt.es/etraffic/data/camaras/165657.jpg
VID-CGT CORUÑA_165659,"42,27926","-8,661",http://infocar.dgt.es/etraffic/data/camaras/165659.jpg
VID-CGT CORUÑA_165661,"42,26967","-8,663454",http://infocar.dgt.es/etraffic/data/camaras/165661.jpg
VID-CGT CORUÑA_165662,"42,038166","-8,647883",http://infocar.dgt.es/etraffic/data/camaras/165662.jpg
VID-CGT CORUÑA_165666,"41,812325","-7,422716",http://infocar.dgt.es/etraffic/data/camaras/165666.jpg
VID-CGT CORUÑA_165669,"41,81471","-7,414807",http://infocar.dgt.es/etraffic/data/camaras/165669.jpg
VID-CGT CORUÑA_165883,"42,183964","-8,696377",http://infocar.dgt.es/etraffic/data/camaras/165883.jpg
VID-CGT CORUÑA_165884,"42,18651","-8,710593",http://infocar.dgt.es/etraffic/data/camaras/165884.jpg
VID-CGT CORUÑA_165885,"42,19607","-8,74933",http://infocar.dgt.es/etraffic/data/camaras/165885.jpg
VID-CGT CORUÑA_166050,"43,3536","-5,1253",http://infocar.dgt.es/etraffic/data/camaras/166050.jpg
VID-CGT CORUÑA_166051,"43,3366","-5,0839",http://infocar.dgt.es/etraffic/data/camaras/166051.jpg
VID-CGT CORUÑA_166052,"43,3154","-5,0689",http://infocar.dgt.es/etraffic/data/camaras/166052.jpg
VID-CGT CORUÑA_166053,"43,3126","-5,0597",http://infocar.dgt.es/etraffic/data/camaras/166053.jpg
VID-CGT CORUÑA_166054,"43,3076","-5,051",http://infocar.dgt.es/etraffic/data/camaras/166054.jpg
VID-CGT CORUÑA_166057,"42,9045","-4,1181",http://infocar.dgt.es/etraffic/data/camaras/166057.jpg
VID-CGT CORUÑA_166058,"42,9572","-4,1559",http://infocar.dgt.es/etraffic/data/camaras/166058.jpg
VID-CGT CORUÑA_166059,"43,0218","-4,1188",http://infocar.dgt.es/etraffic/data/camaras/166059.jpg
VID-CGT CORUÑA_167124,"42,17681","-8,560283",http://infocar.dgt.es/etraffic/data/camaras/167124.jpg
VID-CGT CORUÑA_167126,"42,21507","-8,259268",http://infocar.dgt.es/etraffic/data/camaras/167126.jpg
VID-CGT CORUÑA_167134,"42,333706","-7,966966",http://infocar.dgt.es/etraffic/data/camaras/167134.jpg
VID-CGT CORUÑA_167138,"42,025402","-7,183133",http://infocar.dgt.es/etraffic/data/camaras/167138.jpg
VID-CGT CORUÑA_167171,"42,05311","-7,147433",http://infocar.dgt.es/etraffic/data/camaras/167171.jpg
VID-CGT CORUÑA_167210,"42,244137","-8,700187",http://infocar.dgt.es/etraffic/data/camaras/167210.jpg
VID-CGT CORUÑA_167211,"42,236477","-8,709913",http://infocar.dgt.es/etraffic/data/camaras/167211.jpg
VID-CGT CORUÑA_167283,"43,24254","-8,101416",http://infocar.dgt.es/etraffic/data/camaras/167283.jpg
VID-CGT CORUÑA_167284,"43,19015","-8,013458",http://infocar.dgt.es/etraffic/data/camaras/167284.jpg
VID-CGT CORUÑA_167285,"43,188004","-7,929718",http://infocar.dgt.es/etraffic/data/camaras/167285.jpg
VID-CGT CORUÑA_167286,"43,10641","-7,603734",http://infocar.dgt.es/etraffic/data/camaras/167286.jpg
VID-CGT CORUÑA_167287,"42,940197","-7,395278",http://infocar.dgt.es/etraffic/data/camaras/167287.jpg
VID-CGT CORUÑA_167288,"42,056194","-7,667836",http://infocar.dgt.es/etraffic/data/camaras/167288.jpg
VID-CGT CORUÑA_167289,"42,14311","-8,462173",http://infocar.dgt.es/etraffic/data/camaras/167289.jpg
